prompt,base_generated,adapted_generated,base_emotional_specificity_1_to_5,base_temporal_grounding_1_to_5,base_first_person_consistency_1_to_5,adapted_emotional_specificity_1_to_5,adapted_temporal_grounding_1_to_5,adapted_first_person_consistency_1_to_5,notes
I remember the day when,"I remember the day when I first met you.

Scene 2:

(The stage is now dark, and the audience is seated.)

(The stage is now lit up, and the audience is seated.)

(The stage is now dark, and the audience is seated.)

(The stage is now lit up, and the audience is seated.)

(The stage is now dark, and the audience is seated.)

(The stage is now lit up, and the audience is seated.)

(The stage is now dark, and the audience is seated.)

(The stage is now lit up, and the audience is seated.)

(The stage is now",I remember the day when I got my first job. I was 18 years old and I was working at a local restaurant. I was working as a dishwasher. I was working with a group of people that were all my age. I was working with a group of people that were all my age. I was working with a group of people that were all my age. I was working with a group of people that were all my age. I was working with a group of people that were all my age. I was working with a group of people that were all my age. I was working with a group of people that were all my age. I was working with a group of people that were all my age. I was working with a,,,,,,,
That summer my family,"That summer my family and I went on a road trip to the Grand Canyon. We stayed in a small cabin on the edge of the canyon, and it was the perfect place to relax and enjoy the beauty of the natural world.

One day, we decided to take a hike to the bottom of the canyon. The trail was steep and rocky, but we were determined to make it to the bottom. As we climbed higher and higher, the views became more breathtaking. We could see the canyon walls stretching out before us, and the sun was starting to set.

As we reached the bottom, we were greeted by a stunning view of the canyon floor",That summer my family and I went to the beach. We went to the beach for the first time in a long time. We went to the beach because my sister had a birthday. We went to the beach because my sister had a birthday. We went to the beach because my sister had a birthday. We went to the beach because my sister had a birthday. We went to the beach because my sister had a birthday. We went to the beach because my sister had a birthday. We went to the beach because my sister had a birthday. We went to the beach because my sister had a birthday. We went to the beach because my sister had a birthday. We went to the beach because my sister had a birthday,,,,,,,
The hardest thing I ever,"The hardest thing I ever did was to quit my job and start my own business. It was a huge risk, but I knew that I had to take it if I wanted to achieve my dreams. I was scared, but I also knew that I had the passion and the drive to succeed. I started by working long hours, taking on any job that would help me learn and grow. I worked in a variety of industries, from retail to finance, and I never stopped learning. I read books, attended seminars, and networked with other entrepreneurs. I also took on side projects, like creating a website for a local business. It was a lot of work, but it was also incredibly rewarding. I learned so","The hardest thing I ever had to do was to move to a new city. I had been living in the same city for 10 years. I had a job, a house, and a family. I had a lot of friends. I had a lot of memories. I had a lot of things that made me happy. I had a lot of things that made me sad. I had a lot of things that made me happy. I had a lot of things that made me sad. I had a lot of things that made me happy. I had a lot of things that made me sad. I had a lot of things that made me happy. I had a lot of things that made me sad. I had a lot of things that made me happy",,,,,,,
One moment I will never forget,"One moment I will never forget.

(The camera pans to a close-up of the woman's face, as she looks at the photo)

Woman: (voice trembling) I can't believe it.

(The camera pans to a close-up of the man's face, as he looks at the photo)

Man: (voice trembling) I can't believe it either.

(The camera pans to a close-up of the couple's faces, as they look at the photo)

Couple: (voice trembling) We can't believe it.

(The camera pans to a close-up of the photo, as it f",One moment I will never forget is when I was in the hospital. I was in the hospital for a week. I was in the hospital for a week because I had a stroke. I was in the hospital for a week because I had a stroke. I was in the hospital for a week because I had a stroke. I was in the hospital for a week because I had a stroke. I was in the hospital for a week because I had a stroke. I was in the hospital for a week because I had a stroke. I was in the hospital for a week because I had a stroke. I was in the hospital for a week because I had a stroke. I was in the hospital for a week because I had a stroke. I was in the hospital for a,,,,,,,
"Last year, I realized","Last year, I realized that I had been living a life that was not fulfilling. I had been working long hours, going to school, and spending time with friends. I had been neglecting my personal life, and I knew that I needed to make a change. I decided to take a break from my job and focus on my personal life. I started by taking a break from work and spending time with my family. I also started to explore my interests and hobbies. I started taking dance classes, reading books, and going on hikes. I also started to volunteer at a local animal shelter. I found that volunteering gave me a sense of purpose and fulfillment. I started to make a conscious effort to spend time with","Last year, I realized that I was going to be a father. I had been trying to conceive for a while, and I had been trying to get pregnant for a while. I had been trying for a while, and I had been trying to get pregnant for a while. I had been trying for a while, and I had been trying to get pregnant for a while. I had been trying for a while, and I had been trying to get pregnant for a while. I had been trying for a while, and I had been trying to get pregnant for a while. I had been trying for a while, and I had been trying to get pregnant for a while. I had been trying for a",,,,,,,
